customer_id,recency,frequency,monetary,r_score,f_score,m_score,rfm_score,customer_segment
AA-10315,185,5,5563.56,1,1,4,114,Cant Lose Them
AA-10375,20,9,1056.39,4,4,1,441,Loyal Customers
AA-10480,260,4,1790.51,1,1,2,112,Lost / Inactive
AA-10645,56,6,5086.93,3,2,4,324,Loyal Customers
AB-10015,416,3,886.15,1,1,1,111,Lost / Inactive
AB-10060,55,8,7755.63,3,3,4,334,Champions
AB-10105,42,10,14473.56,3,4,4,344,Champions
AB-10150,42,5,966.71,3,1,1,311,Recent Customers
AB-10165,26,8,1113.85,4,3,1,431,Loyal Customers
AB-10255,167,9,914.53,2,4,1,241,At Risk
AB-10600,51,4,1515.86,3,1,2,312,Recent Customers
AC-10420,233,3,925.8,1,1,1,111,Lost / Inactive
AC-10450,12,7,5527.85,4,3,4,434,Champions
AC-10615,7,5,2537.69,4,1,3,413,Recent Customers
AC-10660,283,5,657.31,1,1,1,111,Lost / Inactive
AD-10180,30,8,6106.88,4,3,4,434,Champions
AF-10870,42,7,2052.91,3,3,2,332,Loyal Customers
AF-10885,416,4,861.56,1,1,1,111,Lost / Inactive
AG-10270,279,5,2582.9,1,2,3,123,Cant Lose Them
AG-10300,119,4,367.55,2,1,1,211,Lost / Inactive
AG-10330,9,5,660.97,4,2,1,421,Loyal Customers
AG-10390,115,5,200.95,2,2,1,221,Lost / Inactive
AG-10495,79,8,2356.86,2,3,3,233,At Risk
AG-10525,846,4,1455.04,1,1,2,112,Lost / Inactive
AG-10675,98,7,3489.06,2,3,3,233,At Risk
AG-10765,78,4,170.59,2,1,1,211,Lost / Inactive
AG-10900,97,10,4510.79,2,4,4,244,At Risk
AH-10030,13,7,1744.7,4,3,2,432,Loyal Customers
AH-10075,35,10,3250.35,3,4,3,343,Champions
AH-10120,61,7,1735.53,3,3,2,332,Loyal Customers
AH-10195,56,4,1587.45,3,1,2,312,Recent Customers
AH-10210,7,9,4805.35,4,4,4,444,Champions
AH-10465,231,5,2495.4,1,2,3,123,Cant Lose Them
AH-10585,22,4,738.5,4,1,1,411,Recent Customers
AH-10690,411,12,7888.3,1,4,4,144,At Risk
AI-10855,14,10,4375.79,4,4,4,444,Champions
AJ-10780,76,7,4867.34,3,3,4,334,Champions
AJ-10795,167,7,4501.38,2,3,4,234,At Risk
AJ-10945,86,7,1839.24,2,3,2,232,At Risk
AJ-10960,75,3,629.25,3,1,1,311,Recent Customers
AM-10360,29,5,814.01,4,2,1,421,Loyal Customers
AM-10705,163,8,5664.02,2,3,4,234,At Risk
AO-10810,502,1,161.28,1,1,1,111,Lost / Inactive
AP-10720,42,8,1638.55,3,3,2,332,Loyal Customers
AP-10915,99,10,3323.55,2,4,3,243,At Risk
AR-10345,112,4,1055.69,2,1,1,211,Lost / Inactive
AR-10405,126,5,2236.12,2,2,2,222,Lost / Inactive
AR-10510,15,5,264.87,4,2,1,421,Loyal Customers
AR-10540,7,6,6608.45,4,2,4,424,Loyal Customers
AR-10570,535,1,88.15,1,1,1,111,Lost / Inactive
AR-10825,59,8,4523.33,3,3,4,334,Champions
AS-10045,89,7,3050.69,2,3,3,233,At Risk
AS-10090,29,9,3255.3,4,4,3,443,Champions
AS-10135,42,2,58.82,3,1,1,311,Recent Customers
AS-10225,23,5,4260.78,4,2,4,424,Loyal Customers
AS-10240,193,7,584.62,1,3,1,131,At Risk
AS-10285,20,6,3214.24,4,2,3,423,Loyal Customers
AS-10630,93,7,833.41,2,3,1,231,At Risk
AT-10435,22,6,1171.81,4,2,2,422,Loyal Customers
AT-10735,14,10,3831.87,4,4,4,444,Champions
AW-10840,21,4,649.37,4,1,1,411,Recent Customers
AW-10930,47,7,2852.95,3,3,3,333,Champions
AY-10555,15,4,497.02,4,1,1,411,Recent Customers
AZ-10750,161,6,1622.03,2,2,2,222,Lost / Inactive
BB-10990,106,5,744.33,2,2,1,221,Lost / Inactive
BB-11545,29,9,6765.73,4,4,4,444,Champions
BC-11125,203,9,2933.67,1,4,3,143,At Risk
BD-11320,34,12,5718.53,3,4,4,344,Champions
BD-11500,36,6,4411.25,3,2,4,324,Loyal Customers
BD-11560,279,2,320.54,1,1,1,111,Lost / Inactive
BD-11605,98,7,3288.48,2,3,3,233,At Risk
BD-11620,70,6,1538.12,3,2,2,322,Loyal Customers
BD-11635,10,3,582.65,4,1,1,411,Recent Customers
BD-11725,94,6,1526.5,2,2,2,222,Lost / Inactive
BD-11770,328,6,658.46,1,2,1,121,Lost / Inactive
BE-11335,120,5,4204.68,2,2,4,224,Lost / Inactive
BE-11410,99,5,2261.44,2,2,3,223,Lost / Inactive
BE-11455,255,6,1727.65,1,2,2,122,Lost / Inactive
BF-10975,92,7,599.79,2,3,1,231,At Risk
BF-11005,40,4,1333.89,3,1,2,312,Recent Customers
BF-11020,75,8,2888.5,3,3,3,333,Champions
BF-11080,26,3,272.95,4,1,1,411,Recent Customers
BF-11170,17,11,5907.97,4,4,4,444,Champions
BF-11215,66,4,1585.17,3,1,2,312,Recent Customers
BF-11275,58,3,791.99,3,1,1,311,Recent Customers
BG-11035,29,8,2798.96,4,3,3,433,Champions
BG-11695,37,6,1874.18,3,2,2,322,Loyal Customers
BG-11740,58,6,1006.35,3,2,1,321,Loyal Customers
BH-11710,24,8,6255.33,4,3,4,434,Champions
BK-11260,78,6,659.15,2,2,1,221,Lost / Inactive
BM-11140,308,4,11789.64,1,1,4,114,Cant Lose Them
BM-11575,101,6,808.16,2,2,1,221,Lost / Inactive
BM-11650,34,11,7294.18,3,4,4,344,Champions
BM-11785,219,10,1338.82,1,4,2,142,At Risk
BN-11470,25,4,265.31,4,1,1,411,Recent Customers
BN-11515,10,5,1459.34,4,2,2,422,Loyal Customers
BO-11350,138,5,2682.73,2,2,3,223,Lost / Inactive
BO-11425,76,2,130.83,3,1,1,311,Recent Customers
BP-11050,84,5,983.42,2,2,1,221,Lost / Inactive
BP-11095,18,12,2442.05,4,4,3,443,Champions
BP-11155,90,6,1697.87,2,2,2,222,Lost / Inactive
BP-11185,2,9,3675.86,4,4,3,443,Champions
BP-11230,40,5,1181.49,3,2,2,322,Loyal Customers
BP-11290,13,7,2475.16,4,3,3,433,Champions
BS-11365,559,5,10501.65,1,2,4,124,Cant Lose Them
BS-11380,29,5,3887.82,4,2,4,424,Loyal Customers
BS-11590,36,6,2454.93,3,2,3,323,Loyal Customers
BS-11665,583,3,3288.12,1,1,3,113,Cant Lose Them
BS-11755,2,7,2562.38,4,3,3,433,Champions
BS-11800,266,2,949.43,1,1,1,111,Lost / Inactive
BT-11305,337,5,2567.66,1,2,3,123,Cant Lose Them
BT-11395,303,6,2186.61,1,2,2,122,Lost / Inactive
BT-11440,561,4,603.87,1,1,1,111,Lost / Inactive
BT-11485,660,2,415.2,1,1,1,111,Lost / Inactive
BT-11530,92,5,2684.5,2,2,3,223,Lost / Inactive
BT-11680,21,7,3196.75,4,3,3,433,Champions
BV-11245,335,5,1523.28,1,2,2,122,Lost / Inactive
BW-11065,213,3,385.51,1,1,1,111,Lost / Inactive
BW-11110,122,8,4750.36,2,3,4,234,At Risk
BW-11200,204,6,1738.41,1,2,2,122,Lost / Inactive
CA-11965,97,6,3789.72,2,2,4,224,Lost / Inactive
CA-12055,402,5,1679.72,1,2,2,122,Lost / Inactive
CA-12265,57,9,2648.29,3,4,3,343,Champions
CA-12310,14,4,1421.96,4,1,2,412,Recent Customers
CA-12775,121,7,3041.56,2,3,3,233,At Risk
CB-12025,48,10,6076.14,3,4,4,344,Champions
CB-12415,27,8,1949.21,4,3,2,432,Loyal Customers
CB-12535,198,8,4246.46,1,3,4,134,At Risk
CC-12100,458,6,1770.95,1,2,2,122,Lost / Inactive
CC-12145,107,7,2471.65,2,3,3,233,At Risk
CC-12220,21,12,3913.43,4,4,4,444,Champions
CC-12370,44,5,12129.08,3,2,4,324,Loyal Customers
CC-12430,1,10,2870.05,4,4,3,443,Champions
CC-12475,40,9,1659.45,3,4,2,342,Loyal Customers
CC-12550,28,3,113.84,4,1,1,411,Recent Customers
CC-12610,35,7,2540.63,3,3,3,333,Champions
CC-12670,30,7,2269.69,4,3,3,433,Champions
CC-12685,800,4,2854.11,1,1,3,113,Cant Lose Them
CD-11920,41,5,2033.97,3,2,2,322,Loyal Customers
CD-11980,55,3,639.76,3,1,1,311,Recent Customers
CD-12280,43,2,1205.58,3,1,2,312,Recent Customers
CD-12790,400,5,1860.74,1,2,2,122,Lost / Inactive
CG-12040,50,6,904.48,3,2,1,321,Loyal Customers
CG-12520,339,3,1148.78,1,1,2,112,Lost / Inactive
CH-12070,692,3,1537.24,1,1,2,112,Lost / Inactive
CJ-11875,366,1,16.52,1,1,1,111,Lost / Inactive
CJ-12010,190,8,11164.97,1,3,4,134,At Risk
CK-12205,40,13,3154.82,3,4,3,343,Champions
CK-12325,121,5,2945.32,2,2,3,223,Lost / Inactive
CK-12595,44,11,2372.75,3,4,3,343,Champions
CK-12760,83,9,1582.1,2,4,2,242,At Risk
CL-11890,107,4,1262.01,2,1,2,212,Lost / Inactive
CL-12565,285,12,10880.56,1,4,4,144,At Risk
CL-12700,106,5,2353.59,2,2,3,223,Lost / Inactive
CM-11815,132,6,1673.89,2,2,2,222,Lost / Inactive
CM-11935,709,2,565.39,1,1,1,111,Lost / Inactive
CM-12115,9,4,1661.61,4,1,2,412,Recent Customers
CM-12160,27,6,2533.32,4,2,3,423,Loyal Customers
CM-12190,9,6,1475.14,4,2,2,422,Loyal Customers
CM-12235,386,5,2305.71,1,2,3,123,Cant Lose Them
CM-12385,38,4,8954.01,3,1,4,314,Recent Customers
CM-12445,437,3,288.0,1,1,1,111,Lost / Inactive
CM-12655,28,6,6339.56,4,2,4,424,Loyal Customers
CM-12715,1036,4,3984.45,1,1,4,114,Cant Lose Them
CP-12085,83,8,5402.25,2,3,4,234,At Risk
CP-12340,161,8,5888.29,2,3,4,234,At Risk
CR-12580,58,4,2148.85,3,1,2,312,Recent Customers
CR-12625,471,3,475.9,1,1,1,111,Lost / Inactive
CR-12730,79,4,1600.55,2,1,2,212,Lost / Inactive
CR-12820,86,3,1397.88,2,1,2,212,Lost / Inactive
CS-11845,92,5,1278.96,2,2,2,222,Lost / Inactive
CS-11860,163,6,537.63,2,2,1,221,Lost / Inactive
CS-11950,26,11,3036.53,4,4,3,443,Champions
CS-12130,490,4,884.64,1,1,1,111,Lost / Inactive
CS-12175,233,5,844.46,1,2,1,121,Lost / Inactive
CS-12250,27,12,2754.22,4,4,3,443,Champions
CS-12355,7,11,3202.16,4,4,3,443,Champions
CS-12400,3,9,3651.86,4,4,3,443,Champions
CS-12460,28,2,550.64,4,1,1,411,Recent Customers
CS-12490,425,4,1077.23,1,1,1,111,Lost / Inactive
CS-12505,59,6,5690.06,3,2,4,324,Loyal Customers
CT-11995,97,8,3241.9,2,3,3,233,At Risk
CV-12295,255,5,2830.63,1,2,3,123,Cant Lose Them
CV-12805,6,9,2370.33,4,4,3,443,Champions
CW-11905,23,6,1136.59,4,2,1,421,Loyal Customers
CY-12745,61,8,2900.02,3,3,3,333,Champions
Co-12640,550,5,1300.08,1,2,2,122,Lost / Inactive
DA-13450,353,4,156.76,1,1,1,111,Lost / Inactive
DB-12910,22,8,2171.61,4,3,2,432,Loyal Customers
DB-12970,242,5,2839.23,1,2,3,123,Cant Lose Them
DB-13060,17,7,4531.65,4,3,4,434,Champions
DB-13120,49,7,2973.09,3,3,3,333,Champions
DB-13210,10,10,2332.57,4,4,3,443,Champions
DB-13270,54,8,4655.89,3,3,4,334,Champions
DB-13360,265,5,1081.47,1,2,1,121,Lost / Inactive
DB-13405,188,4,1711.69,1,1,2,112,Lost / Inactive
DB-13555,108,7,3908.8,2,3,4,234,At Risk
DB-13615,34,7,1989.05,3,3,2,332,Loyal Customers
DB-13660,13,7,1155.21,4,3,2,432,Loyal Customers
DC-12850,38,9,3336.17,3,4,3,343,Champions
DC-13285,24,5,1174.62,4,2,2,422,Loyal Customers
DD-13570,42,6,269.53,3,2,1,321,Loyal Customers
DE-13255,720,5,2550.87,1,2,3,123,Cant Lose Them
DF-13135,701,3,2390.54,1,1,3,113,Cant Lose Them
DG-13300,33,5,3195.82,3,2,3,323,Loyal Customers
DH-13075,278,6,4932.87,1,2,4,124,Cant Lose Them
DH-13675,777,4,1043.09,1,1,1,111,Lost / Inactive
DJ-13420,638,4,2012.52,1,1,2,112,Lost / Inactive
DJ-13510,49,8,2501.69,3,3,3,333,Champions
DJ-13630,13,3,3356.4,4,1,3,413,Recent Customers
DK-12835,22,12,3256.48,4,4,3,443,Champions
DK-12895,46,5,4282.16,3,2,4,324,Loyal Customers
DK-12985,8,5,1687.03,4,2,2,422,Loyal Customers
DK-13090,43,7,2650.55,3,3,3,333,Champions
DK-13150,11,2,797.83,4,1,1,411,Recent Customers
DK-13225,11,9,4802.39,4,4,4,444,Champions
DK-13375,20,8,3318.49,4,3,3,433,Champions
DL-12865,101,8,1503.12,2,3,2,232,At Risk
DL-12925,58,6,3272.2,3,2,3,323,Loyal Customers
DL-13315,23,8,1458.25,4,3,2,432,Loyal Customers
DL-13330,58,4,585.02,3,1,1,311,Recent Customers
DL-13495,77,8,3539.32,2,3,3,233,At Risk
DM-12955,115,7,1322.03,2,3,2,232,At Risk
DM-13015,58,7,6345.09,3,3,4,334,Champions
DM-13345,23,8,4074.47,4,3,4,434,Champions
DM-13525,482,3,1376.8,1,1,2,112,Lost / Inactive
DN-13690,218,7,2139.79,1,3,2,132,At Risk
DO-13435,134,9,1300.03,2,4,2,242,At Risk
DO-13645,27,7,1267.32,4,3,2,432,Loyal Customers
DP-13000,127,9,1050.63,2,4,1,241,At Risk
DP-13105,7,8,2214.99,4,3,2,432,Loyal Customers
DP-13165,813,2,1058.62,1,1,1,111,Lost / Inactive
DP-13390,359,9,5480.73,1,4,4,144,At Risk
DR-12880,4,9,6528.03,4,4,4,444,Champions
DR-12940,51,8,8350.87,3,3,4,334,Champions
DS-13030,94,4,1762.21,2,1,2,212,Lost / Inactive
DS-13180,24,9,2881.8,4,4,3,443,Champions
DV-13045,20,5,1119.48,4,2,1,421,Loyal Customers
DV-13465,30,6,3341.58,4,2,3,423,Loyal Customers
DW-13195,70,6,1080.75,3,2,1,321,Loyal Customers
DW-13480,218,5,5271.63,1,2,4,124,Cant Lose Them
DW-13540,99,5,344.08,2,2,1,221,Lost / Inactive
DW-13585,243,7,1204.85,1,3,2,132,At Risk
Dl-13600,120,5,755.6,2,2,1,221,Lost / Inactive
Dp-13240,85,11,7198.77,2,4,4,244,At Risk
EA-14035,153,13,2846.71,2,4,3,243,At Risk
EB-13705,49,9,3644.97,3,4,3,343,Champions
EB-13750,36,10,3236.32,3,4,3,343,Champions
EB-13840,91,5,4358.13,2,2,4,224,Lost / Inactive
EB-13870,101,10,2767.22,2,4,3,243,At Risk
EB-13930,162,5,944.6,2,2,1,221,Lost / Inactive
EB-13975,1,4,1643.26,4,1,2,412,Recent Customers
EB-14110,114,6,3071.14,2,2,3,223,Lost / Inactive
EB-14170,83,6,1186.33,2,2,2,222,Lost / Inactive
EC-14050,54,5,461.91,3,2,1,321,Loyal Customers
ED-13885,136,8,3484.91,2,3,3,233,At Risk
EG-13900,23,5,1832.02,4,2,2,422,Loyal Customers
EH-13765,136,12,10310.87,2,4,4,244,At Risk
EH-13945,218,8,684.18,1,3,1,131,At Risk
EH-13990,406,6,825.95,1,2,1,121,Lost / Inactive
EH-14005,3,7,1219.52,4,3,2,432,Loyal Customers
EH-14125,153,10,3082.64,2,4,3,243,At Risk
EH-14185,106,6,923.88,2,2,1,221,Lost / Inactive
EJ-13720,303,4,2162.18,1,1,2,112,Lost / Inactive
EJ-14155,58,5,2656.69,3,2,3,323,Loyal Customers
EK-13795,45,4,1303.48,3,1,2,312,Recent Customers
EL-13735,78,2,124.28,2,1,1,211,Lost / Inactive
EM-13810,133,5,2567.0,2,2,3,223,Lost / Inactive
EM-13825,56,8,2339.6,3,3,3,333,Champions
EM-13960,152,5,933.7,2,2,1,221,Lost / Inactive
EM-14065,48,4,228.99,3,1,1,311,Recent Customers
EM-14095,114,4,1041.04,2,1,1,211,Lost / Inactive
EM-14140,49,6,4588.44,3,2,4,324,Loyal Customers
EM-14200,159,3,366.83,2,1,1,211,Lost / Inactive
EN-13780,288,4,2199.36,1,1,2,112,Lost / Inactive
EP-13915,13,17,5478.06,4,4,4,444,Champions
ER-13855,422,3,1245.79,1,1,2,112,Lost / Inactive
ES-14020,41,5,3510.46,3,2,3,323,Loyal Customers
ES-14080,29,9,4657.93,4,4,4,444,Champions
FA-14230,98,7,2984.05,2,3,3,233,At Risk
FC-14245,71,7,3418.74,3,3,3,333,Champions
FC-14335,185,7,3889.36,1,3,4,134,At Risk
FG-14260,35,7,1383.13,3,3,2,332,Loyal Customers
FH-14275,38,10,4256.28,3,4,4,344,Champions
FH-14350,213,4,2271.29,1,1,3,113,Cant Lose Them
FH-14365,6,8,6987.2,4,3,4,434,Champions
FM-14215,8,10,2456.64,4,4,3,443,Champions
FM-14290,37,9,3736.2,3,4,3,343,Champions
FM-14380,146,9,2523.26,2,4,3,243,At Risk
FO-14305,39,10,2678.43,3,4,3,343,Champions
FP-14320,24,8,4046.75,4,3,4,434,Champions
FW-14395,363,3,79.75,1,1,1,111,Lost / Inactive
GA-14515,150,8,3919.77,2,3,4,234,At Risk
GA-14725,6,11,1398.39,4,4,2,442,Loyal Customers
GB-14530,63,11,1568.44,3,4,2,342,Loyal Customers
GB-14575,14,5,4716.3,4,2,4,424,Loyal Customers
GD-14590,6,4,1888.08,4,1,2,412,Recent Customers
GG-14650,44,9,2223.99,3,4,2,342,Loyal Customers
GH-14410,76,9,2819.45,3,4,3,343,Champions
GH-14425,51,4,4172.84,3,1,4,314,Recent Customers
GH-14485,388,2,1361.24,1,1,2,112,Lost / Inactive
GH-14665,3,2,146.94,4,1,1,411,Recent Customers
GK-14620,113,9,6497.28,2,4,4,244,At Risk
GM-14440,84,7,3582.82,2,3,3,233,At Risk
GM-14455,17,6,3078.63,4,2,3,423,Loyal Customers
GM-14500,107,10,1255.68,2,4,2,242,At Risk
GM-14680,153,6,3163.63,2,2,3,223,Lost / Inactive
GM-14695,118,3,6049.96,2,1,4,214,Lost / Inactive
GP-14740,766,2,236.53,1,1,1,111,Lost / Inactive
GR-14560,1136,2,1284.38,1,1,2,112,Lost / Inactive
GT-14635,57,3,9351.2,3,1,4,314,Recent Customers
GT-14710,37,11,11820.12,3,4,4,344,Champions
GT-14755,35,4,226.43,3,1,1,311,Recent Customers
GW-14605,29,7,2189.02,4,3,2,432,Loyal Customers
GZ-14470,8,9,4355.15,4,4,4,444,Champions
GZ-14545,158,4,2454.62,2,1,3,213,Lost / Inactive
HA-14905,70,7,2163.32,3,3,2,332,Loyal Customers
HA-14920,21,8,2584.17,4,3,3,433,Champions
HD-14785,770,3,251.36,1,1,1,111,Lost / Inactive
HE-14800,13,4,883.53,4,1,1,411,Recent Customers
HF-14995,22,7,2533.15,4,3,3,433,Champions
HG-14845,55,5,785.62,3,2,1,321,Loyal Customers
HG-14965,24,12,3247.65,4,4,3,443,Champions
HG-15025,7,7,3690.28,4,3,3,433,Champions
HH-15010,73,2,218.67,3,1,1,311,Recent Customers
HJ-14875,127,5,358.1,2,2,1,221,Lost / Inactive
HK-14890,152,8,4877.8,2,3,4,234,At Risk
HL-15040,44,6,12873.3,3,2,4,324,Loyal Customers
HM-14860,3,10,8236.76,4,4,4,444,Champions
HM-14980,248,4,736.28,1,1,1,111,Lost / Inactive
HP-14815,31,7,1990.31,4,3,2,432,Loyal Customers
HR-14770,14,5,1299.29,4,2,2,422,Loyal Customers
HR-14830,160,7,5248.79,2,3,4,234,At Risk
HW-14935,118,8,9300.25,2,3,4,234,At Risk
HZ-14950,36,5,886.52,3,2,1,321,Loyal Customers
IG-15085,72,4,744.57,3,1,1,311,Recent Customers
IL-15100,143,7,5040.74,2,3,4,234,At Risk
IM-15055,410,3,2872.63,1,1,3,113,Cant Lose Them
IM-15070,391,7,4930.49,1,3,4,134,At Risk
JA-15970,93,8,6491.02,2,3,4,234,At Risk
JB-15400,8,10,1791.62,4,4,2,442,Loyal Customers
JB-15925,738,3,900.55,1,1,1,111,Lost / Inactive
JB-16000,44,7,644.12,3,3,1,331,Loyal Customers
JB-16045,8,5,2518.11,4,2,3,423,Loyal Customers
JC-15340,115,4,71.27,2,1,1,211,Lost / Inactive
JC-15385,176,1,1058.11,2,1,1,211,Lost / Inactive
JC-15775,159,9,2772.06,2,4,3,243,At Risk
JC-16105,58,5,858.57,3,2,1,321,Loyal Customers
JD-15790,118,5,2152.35,2,2,2,222,Lost / Inactive
JD-15895,395,11,7610.87,1,4,4,144,At Risk
JD-16015,113,6,385.43,2,2,1,221,Lost / Inactive
JD-16060,301,3,695.44,1,1,1,111,Lost / Inactive
JD-16150,42,8,8828.04,3,3,4,334,Champions
JE-15475,194,6,1388.69,1,2,2,122,Lost / Inactive
JE-15610,49,7,7754.97,3,3,4,334,Champions
JE-15715,47,10,8697.86,3,4,4,344,Champions
JE-15745,52,13,6760.81,3,4,4,344,Champions
JE-16165,21,3,2697.25,4,1,3,413,Recent Customers
JF-15190,66,7,2279.59,3,3,3,333,Champions
JF-15295,226,5,955.12,1,2,1,121,Lost / Inactive
JF-15355,106,6,1911.84,2,2,2,222,Lost / Inactive
JF-15415,3,6,2371.45,4,2,3,423,Loyal Customers
JF-15490,122,11,1082.92,2,4,1,241,At Risk
JF-15565,55,8,4198.32,3,3,4,334,Champions
JG-15115,759,3,2358.66,1,1,3,113,Cant Lose Them
JG-15160,2,11,6366.4,4,4,4,444,Champions
JG-15310,3,6,2240.58,4,2,2,422,Loyal Customers
JG-15805,224,6,1507.02,1,2,2,122,Lost / Inactive
JH-15430,6,4,309.29,4,1,1,411,Recent Customers
JH-15820,175,6,528.92,2,2,1,221,Lost / Inactive
JH-15910,42,7,959.48,3,3,1,331,Loyal Customers
JH-15985,30,6,7954.99,4,2,4,424,Loyal Customers
JH-16180,405,4,2256.39,1,1,2,112,Lost / Inactive
JJ-15445,484,5,709.17,1,2,1,121,Lost / Inactive
JJ-15760,754,2,195.0,1,1,1,111,Lost / Inactive
JK-15205,62,5,4427.14,3,2,4,324,Loyal Customers
JK-15325,288,3,383.81,1,1,1,111,Lost / Inactive
JK-15370,45,8,2709.62,3,3,3,333,Champions
JK-15625,62,7,3760.03,3,3,3,333,Champions
JK-15640,181,9,4760.44,2,4,4,244,At Risk
JK-15730,85,10,4867.21,2,4,4,244,At Risk
JK-16090,29,3,3747.66,4,1,3,413,Recent Customers
JK-16120,118,10,2932.49,2,4,3,243,At Risk
JL-15130,9,6,1214.95,4,2,2,422,Loyal Customers
JL-15175,7,5,1571.52,4,2,2,422,Loyal Customers
JL-15235,120,5,2203.7,2,2,2,222,Lost / Inactive
JL-15505,50,6,3173.87,3,2,3,323,Loyal Customers
JL-15835,22,11,9799.93,4,4,4,444,Champions
JL-15850,615,6,2725.25,1,2,3,123,Cant Lose Them
JM-15250,38,6,3159.11,3,2,3,323,Loyal Customers
JM-15265,38,5,1804.14,3,2,2,322,Loyal Customers
JM-15535,103,7,1733.45,2,3,2,232,At Risk
JM-15580,1,5,303.94,4,2,1,421,Loyal Customers
JM-15655,9,5,864.95,4,2,1,421,Loyal Customers
JM-15865,110,7,7625.07,2,3,4,234,At Risk
JM-16195,58,10,2833.92,3,4,3,343,Champions
JO-15145,58,9,3254.94,3,4,3,343,Champions
JO-15280,93,6,1934.27,2,2,2,222,Lost / Inactive
JO-15550,216,5,1090.85,1,2,1,121,Lost / Inactive
JP-15460,38,7,1669.12,3,3,2,332,Loyal Customers
JP-15520,9,7,3635.59,4,3,3,433,Champions
JP-16135,103,9,1707.71,2,4,2,242,At Risk
JR-15670,594,2,1156.66,1,1,2,112,Lost / Inactive
JR-15700,69,1,863.88,3,1,1,311,Recent Customers
JR-16210,34,5,2201.69,3,2,2,322,Loyal Customers
JS-15595,120,4,1417.65,2,1,2,212,Lost / Inactive
JS-15685,43,4,1131.07,3,1,1,311,Recent Customers
JS-15880,535,5,3868.01,1,2,4,124,Cant Lose Them
JS-15940,464,5,469.16,1,2,1,121,Lost / Inactive
JS-16030,29,6,2516.49,4,2,3,423,Loyal Customers
JW-15220,43,6,7721.71,3,2,4,324,Loyal Customers
JW-15955,6,7,1244.09,4,3,2,432,Loyal Customers
JW-16075,462,4,1428.73,1,1,2,112,Lost / Inactive
KA-16525,37,7,1519.51,3,3,2,332,Loyal Customers
KB-16240,5,7,3152.61,4,3,3,433,Champions
KB-16315,297,9,1569.45,1,4,2,142,At Risk
KB-16405,118,3,908.82,2,1,1,211,Lost / Inactive
KB-16585,231,12,2744.74,1,4,3,143,At Risk
KB-16600,2,7,983.93,4,3,1,431,Loyal Customers
KC-16255,408,6,2120.95,1,2,2,122,Lost / Inactive
KC-16540,98,4,3908.27,2,1,4,214,Lost / Inactive
KC-16675,58,4,1146.05,3,1,1,311,Recent Customers
KD-16270,485,5,8282.36,1,2,4,124,Cant Lose Them
KD-16345,42,6,1888.96,3,2,2,322,Loyal Customers
KD-16495,113,12,8181.24,2,4,4,244,At Risk
KD-16615,290,5,2243.51,1,2,2,122,Lost / Inactive
KE-16420,27,8,1686.73,4,3,2,432,Loyal Customers
KF-16285,98,7,10604.26,2,3,4,234,At Risk
KH-16330,41,8,3312.87,3,3,3,333,Champions
KH-16360,2,6,3100.6,4,2,3,423,Loyal Customers
KH-16510,23,7,5952.86,4,3,4,434,Champions
KH-16630,59,9,3918.96,3,4,4,344,Champions
KH-16690,3,7,5990.79,4,3,4,434,Champions
KL-16555,17,8,5016.47,4,4,4,444,Champions
KL-16645,48,12,14175.22,3,4,4,344,Champions
KM-16225,15,6,2260.95,4,2,3,423,Loyal Customers
KM-16375,57,8,5620.18,3,4,4,344,Champions
KM-16660,16,5,453.54,4,2,1,421,Loyal Customers
KM-16720,29,8,4909.47,4,4,4,444,Champions
KN-16390,20,9,2617.29,4,4,3,443,Champions
KN-16450,53,5,2171.97,3,2,2,322,Loyal Customers
KN-16705,99,8,2280.58,2,4,3,243,At Risk
KS-16300,296,3,88.47,1,1,1,111,Lost / Inactive
KT-16465,392,7,3057.1,1,3,3,133,At Risk
KT-16480,101,10,4642.1,2,4,4,244,At Risk
KW-16435,97,5,4416.52,2,2,4,224,Lost / Inactive
KW-16570,772,4,449.1,1,1,1,111,Lost / Inactive
LA-16780,155,11,8673.23,2,4,4,244,At Risk
LB-16735,49,3,50.19,3,1,1,311,Recent Customers
LB-16795,153,8,4985.68,2,4,4,244,At Risk
LC-16870,28,8,2580.71,4,4,3,443,Champions
LC-16885,17,12,7663.13,4,4,4,444,Champions
LC-16930,42,8,4492.94,3,4,4,344,Champions
LC-16960,437,4,3246.63,1,1,3,113,Cant Lose Them
LC-17050,55,5,2095.06,3,2,2,322,Loyal Customers
LC-17140,14,9,2633.57,4,4,3,443,Champions
LD-16855,553,1,5.3,1,1,1,111,Lost / Inactive
LD-17005,415,4,1961.93,1,1,2,112,Lost / Inactive
LE-16810,22,6,1469.45,4,2,2,422,Loyal Customers
LF-17185,23,7,3930.52,4,3,4,434,Champions
LH-16750,152,3,287.43,2,1,1,211,Lost / Inactive
LH-16900,22,9,2295.32,4,4,3,443,Champions
LH-17020,240,4,318.23,1,1,1,111,Lost / Inactive
LH-17155,386,9,1739.69,1,4,2,142,At Risk
LL-16840,250,6,2741.2,1,2,3,123,Cant Lose Them
LM-17065,392,5,1346.78,1,2,2,122,Lost / Inactive
LO-17170,3,5,644.35,4,2,1,421,Loyal Customers
LP-17080,41,4,756.6,3,1,1,311,Recent Customers
LP-17095,10,7,3653.4,4,3,3,433,Champions
LR-16915,27,6,5142.89,4,2,4,424,Loyal Customers
LR-17035,133,5,1879.29,2,2,2,222,Lost / Inactive
LS-16945,179,6,2845.27,2,2,3,223,Lost / Inactive
LS-16975,21,9,2988.65,4,4,3,443,Champions
LS-17200,97,6,1010.25,2,2,1,221,Lost / Inactive
LS-17230,778,3,368.88,1,1,1,111,Lost / Inactive
LS-17245,35,6,1008.14,3,2,1,321,Loyal Customers
LT-16765,27,3,329.87,4,1,1,411,Recent Customers
LT-17110,35,8,2936.25,3,4,3,343,Champions
LW-16825,89,5,2238.05,2,2,2,222,Lost / Inactive
LW-16990,34,6,3230.3,3,2,3,323,Loyal Customers
LW-17125,206,3,1259.04,1,1,2,112,Lost / Inactive
LW-17215,22,7,5420.52,4,3,4,434,Champions
MA-17560,65,11,4299.16,3,4,4,344,Champions
MA-17995,187,6,2453.29,1,2,3,123,Cant Lose Them
MB-17305,49,10,1548.71,3,4,2,342,Loyal Customers
MB-18085,45,7,1428.24,3,3,2,332,Loyal Customers
MC-17275,77,8,2725.98,2,4,3,243,At Risk
MC-17425,400,5,4432.14,1,2,4,124,Cant Lose Them
MC-17575,28,8,1303.89,4,4,2,442,Loyal Customers
MC-17590,52,6,2426.06,3,3,3,333,Champions
MC-17605,113,8,2258.2,2,4,3,243,At Risk
MC-17635,190,4,795.15,1,1,1,111,Lost / Inactive
MC-17845,2,7,3805.71,4,3,4,434,Champions
MC-18100,42,10,2218.99,3,4,2,342,Loyal Customers
MC-18130,370,5,1581.99,1,2,2,122,Lost / Inactive
MD-17350,118,7,3766.4,2,3,3,233,At Risk
MD-17860,37,5,1204.91,3,2,2,322,Loyal Customers
ME-17320,43,10,10663.73,3,4,4,344,Champions
ME-17725,29,8,1908.45,4,4,2,442,Loyal Customers
ME-18010,93,4,1256.95,2,1,2,212,Lost / Inactive
MF-17665,422,5,937.04,1,2,1,121,Lost / Inactive
MF-18250,8,5,1758.3,4,2,2,422,Loyal Customers
MG-17650,30,7,3785.28,4,3,3,433,Champions
MG-17680,93,4,2350.2,2,1,3,213,Lost / Inactive
MG-17695,556,3,1342.29,1,1,2,112,Lost / Inactive
MG-17875,117,5,1242.83,2,2,2,222,Lost / Inactive
MG-17890,100,9,776.39,2,4,1,241,At Risk
MG-18145,85,4,3061.54,2,1,3,213,Lost / Inactive
MG-18205,265,1,16.74,1,1,1,111,Lost / Inactive
MH-17290,120,6,2394.01,2,3,3,233,At Risk
MH-17440,377,4,400.02,1,1,1,111,Lost / Inactive
MH-17455,86,8,2456.18,2,4,3,243,At Risk
MH-17620,156,4,1252.8,2,1,2,212,Lost / Inactive
MH-17785,99,7,2203.78,2,3,2,232,At Risk
MH-18025,50,5,2984.95,3,2,3,323,Loyal Customers
MH-18115,6,9,5503.09,4,4,4,444,Champions
MJ-17740,23,7,6320.75,4,3,4,434,Champions
MK-17905,29,8,2302.36,4,4,3,443,Champions
MK-18160,241,4,1031.6,1,1,1,111,Lost / Inactive
ML-17395,70,9,2722.84,3,4,3,343,Champions
ML-17410,55,6,2921.51,3,3,3,333,Champions
ML-17755,30,7,2071.91,4,3,2,432,Loyal Customers
ML-18040,80,3,742.08,2,1,1,211,Lost / Inactive
ML-18265,101,2,162.23,2,1,1,211,Lost / Inactive
MM-17260,169,4,1314.02,2,1,2,212,Lost / Inactive
MM-17920,8,11,3794.07,4,4,4,444,Champions
MM-18055,62,8,2749.86,3,4,3,343,Champions
MM-18280,86,9,775.41,2,4,1,241,At Risk
MN-17935,35,6,2477.94,3,3,3,333,Champions
MO-17500,73,4,922.49,3,1,1,311,Recent Customers
MO-17800,105,8,1687.02,2,4,2,242,At Risk
MO-17950,181,2,154.29,2,1,1,211,Lost / Inactive
MP-17470,720,7,3206.12,1,3,3,133,At Risk
MP-17965,73,9,3983.65,3,4,4,344,Champions
MP-18175,17,9,5087.93,4,4,4,444,Champions
MR-17545,126,4,639.18,2,1,1,211,Lost / Inactive
MS-17365,274,10,7443.68,1,4,4,144,At Risk
MS-17530,435,4,475.66,1,1,1,111,Lost / Inactive
MS-17710,414,6,1613.39,1,3,2,132,At Risk
MS-17770,122,9,3144.67,2,4,3,243,At Risk
MS-17830,453,4,370.34,1,1,1,111,Lost / Inactive
MS-17980,27,6,855.12,4,3,1,431,Loyal Customers
MT-17815,50,6,2890.14,3,3,3,333,Champions
MT-18070,204,4,1319.43,1,1,2,112,Lost / Inactive
MV-17485,28,9,1560.03,4,4,2,442,Loyal Customers
MV-18190,20,7,1734.58,4,3,2,432,Loyal Customers
MW-18220,18,7,5341.9,4,3,4,434,Champions
MW-18235,45,2,5253.88,3,1,4,314,Recent Customers
MY-17380,30,7,2254.29,4,3,2,432,Loyal Customers
MY-18295,72,11,4152.7,3,4,4,344,Champions
MZ-17335,31,4,593.61,4,1,1,411,Recent Customers
MZ-17515,283,6,2564.89,1,3,3,133,At Risk
NB-18580,1166,2,273.87,1,1,1,111,Lost / Inactive
NB-18655,20,9,1972.61,4,4,2,442,Loyal Customers
NC-18340,225,5,2461.41,1,2,3,123,Cant Lose Them
NC-18415,42,6,2218.99,3,3,2,332,Loyal Customers
NC-18535,7,7,8241.73,4,3,4,434,Champions
NC-18625,205,5,1821.75,1,2,2,122,Lost / Inactive
ND-18370,28,9,4326.14,4,4,4,444,Champions
ND-18460,184,6,2893.46,2,3,3,233,At Risk
NF-18385,80,7,8322.82,2,3,4,234,At Risk
NF-18475,526,4,377.17,1,1,1,111,Lost / Inactive
NF-18595,115,7,2031.48,2,3,2,232,At Risk
NG-18355,49,5,1869.57,3,2,2,322,Loyal Customers
NG-18430,49,5,1395.94,3,2,2,322,Loyal Customers
NH-18610,190,7,2673.29,1,3,3,133,At Risk
NK-18490,71,7,572.05,3,3,1,331,Loyal Customers
NL-18310,59,4,1418.08,3,1,2,312,Recent Customers
NM-18445,161,7,6459.34,2,3,4,234,At Risk
NM-18520,245,10,2161.98,1,4,2,142,At Risk
NP-18325,26,6,5529.62,4,3,4,434,Champions
NP-18670,59,5,3908.4,3,2,4,324,Loyal Customers
NP-18685,407,6,1228.7,1,3,2,132,At Risk
NP-18700,139,7,7903.18,2,3,4,234,At Risk
NR-18550,211,5,2367.27,1,2,3,123,Cant Lose Them
NS-18505,7,4,2575.87,4,1,3,413,Recent Customers
NS-18640,175,13,2964.82,2,4,3,243,At Risk
NW-18400,173,7,7234.02,2,3,4,234,At Risk
NZ-18565,86,9,2488.33,2,4,3,243,At Risk
ON-18715,411,9,1567.52,1,4,2,142,At Risk
OT-18730,66,5,3818.62,3,2,4,324,Loyal Customers
PA-19060,104,6,729.41,2,3,1,231,At Risk
PB-18805,26,3,740.36,4,1,1,411,Recent Customers
PB-19105,58,4,688.33,3,1,1,311,Recent Customers
PB-19150,98,8,1456.95,2,4,2,242,At Risk
PB-19210,689,2,132.74,1,1,1,111,Lost / Inactive
PC-18745,3,4,1832.07,4,1,2,412,Recent Customers
PC-19000,883,2,1061.49,1,1,1,111,Lost / Inactive
PF-19120,836,4,9062.86,1,1,4,114,Cant Lose Them
PF-19165,197,6,2770.0,1,3,3,133,At Risk
PF-19225,115,5,2206.12,2,2,2,222,Lost / Inactive
PG-18820,37,13,3086.89,3,4,3,343,Champions
PG-18895,58,9,1987.15,3,4,2,342,Loyal Customers
PH-18790,71,1,729.65,3,1,1,311,Recent Customers
PJ-18835,40,8,1220.1,3,4,2,342,Loyal Customers
PJ-19015,135,7,1824.23,2,3,2,232,At Risk
PK-18910,484,2,1441.15,1,1,2,112,Lost / Inactive
PK-19075,10,12,8646.93,4,4,4,444,Champions
PL-18925,16,5,239.49,4,2,1,421,Loyal Customers
PM-18940,387,3,1405.4,1,1,2,112,Lost / Inactive
PM-19135,52,4,4115.66,3,1,4,314,Recent Customers
PN-18775,31,8,1467.16,4,4,2,442,Loyal Customers
PO-18850,5,11,7473.83,4,4,4,444,Champions
PO-18865,1,7,2493.22,4,3,3,433,Champions
PO-19180,161,9,4893.05,2,4,4,244,At Risk
PO-19195,87,5,1056.85,2,2,1,221,Lost / Inactive
PP-18955,98,10,7252.61,2,4,4,244,At Risk
PR-18880,37,5,1840.18,3,2,2,322,Loyal Customers
PS-18760,108,6,2181.47,2,3,2,232,At Risk
PS-18970,70,8,1278.65,3,4,2,342,Loyal Customers
PS-19045,237,7,6843.63,1,3,4,134,At Risk
PT-19090,72,4,160.58,3,1,1,311,Recent Customers
PV-18985,90,5,2876.05,2,2,3,223,Lost / Inactive
PW-19030,47,10,3454.91,3,4,3,343,Champions
PW-19240,465,7,3922.41,1,3,4,134,At Risk
QJ-19255,26,9,6108.34,4,4,4,444,Champions
RA-19285,6,9,2617.89,4,4,3,443,Champions
RA-19885,44,7,3832.32,3,3,4,334,Champions
RA-19915,13,9,4793.53,4,4,4,444,Champions
RA-19945,62,5,1686.93,3,2,2,322,Loyal Customers
RB-19330,69,2,1008.2,3,1,1,311,Recent Customers
RB-19360,97,6,15117.35,2,3,4,234,At Risk
RB-19435,20,8,2663.07,4,4,3,443,Champions
RB-19465,10,12,4715.47,4,4,4,444,Champions
RB-19570,26,5,528.53,4,2,1,421,Loyal Customers
RB-19645,649,5,221.09,1,2,1,121,Lost / Inactive
RB-19705,55,4,2067.45,3,1,2,312,Recent Customers
RB-19795,33,8,5633.31,3,4,4,344,Champions
RC-19825,370,6,966.41,1,3,1,131,At Risk
RC-19960,111,6,885.75,2,3,1,231,At Risk
RD-19480,73,8,4272.94,3,4,4,344,Champions
RD-19585,181,10,2912.9,2,4,3,243,At Risk
RD-19660,115,5,2786.63,2,2,3,223,Lost / Inactive
RD-19720,22,10,1419.74,4,4,2,442,Loyal Customers
RD-19810,15,8,1137.61,4,4,1,441,Loyal Customers
RD-19900,115,9,3133.92,2,4,3,243,At Risk
RD-19930,43,4,970.95,3,1,1,311,Recent Customers
RE-19405,1098,1,48.36,1,1,1,111,Lost / Inactive
RE-19450,303,5,876.7,1,2,1,121,Lost / Inactive
RF-19345,391,8,3309.14,1,4,3,143,At Risk
RF-19735,90,7,2341.3,2,3,3,233,At Risk
RF-19840,7,8,945.22,4,4,1,441,Loyal Customers
RH-19495,33,5,3621.38,3,2,3,323,Loyal Customers
RH-19510,468,6,6979.18,1,3,4,134,At Risk
RH-19555,520,2,740.39,1,1,1,111,Lost / Inactive
RH-19600,535,3,2085.74,1,1,2,112,Lost / Inactive
RK-19300,120,3,1460.19,2,1,2,212,Lost / Inactive
RL-19615,122,8,6234.91,2,4,4,244,At Risk
RM-19375,346,6,1453.47,1,3,2,132,At Risk
RM-19675,7,5,5979.09,4,2,4,424,Loyal Customers
RM-19750,300,1,98.35,1,1,1,111,Lost / Inactive
RO-19780,36,7,3815.47,3,3,4,334,Champions
RP-19270,497,4,954.64,1,1,1,111,Lost / Inactive
RP-19390,34,12,5153.06,3,4,4,344,Champions
RP-19855,29,8,2170.71,4,4,2,442,Loyal Customers
RR-19315,20,2,615.93,4,1,1,411,Recent Customers
RR-19525,171,6,3302.26,2,3,3,233,At Risk
RS-19420,77,5,3221.29,2,2,3,223,Lost / Inactive
RS-19765,37,8,4159.77,3,4,4,344,Champions
RS-19870,20,2,22.33,4,1,1,411,Recent Customers
RW-19540,121,7,7397.4,2,3,4,234,At Risk
RW-19630,90,9,3279.75,2,4,3,243,At Risk
RW-19690,80,5,3495.64,2,2,3,223,Lost / Inactive
SA-20830,64,10,4767.34,3,4,4,344,Champions
SB-20170,202,3,1348.02,1,1,2,112,Lost / Inactive
SB-20185,189,6,6411.0,1,3,4,134,At Risk
SB-20290,48,7,8057.89,3,3,4,334,Champions
SC-20020,782,5,3362.96,1,2,3,123,Cant Lose Them
SC-20050,41,9,4624.57,3,4,4,344,Champions
SC-20095,350,9,14142.34,1,4,4,144,At Risk
SC-20230,150,4,4371.96,2,1,4,214,Lost / Inactive
SC-20260,188,8,3729.8,1,4,3,143,At Risk
SC-20305,30,7,3979.06,4,3,4,434,Champions
SC-20380,31,9,5992.53,4,4,4,444,Champions
SC-20440,37,7,1875.0,3,3,2,332,Loyal Customers
SC-20575,93,5,902.73,2,2,1,221,Lost / Inactive
SC-20680,127,6,1254.64,2,3,2,232,At Risk
SC-20695,90,10,2576.4,2,4,3,243,At Risk
SC-20725,188,11,5226.2,1,4,4,144,At Risk
SC-20770,42,7,4492.68,3,3,4,334,Champions
SC-20800,31,4,279.25,4,1,1,411,Recent Customers
SC-20845,132,2,280.63,2,1,1,211,Lost / Inactive
SD-20485,201,9,6121.1,1,4,4,144,At Risk
SE-20110,10,11,12209.44,4,4,4,444,Champions
SF-20065,60,7,763.54,3,3,1,331,Loyal Customers
SF-20200,60,9,3422.78,3,4,3,343,Champions
SF-20965,49,9,3336.53,3,4,3,343,Champions
SG-20080,9,3,3406.58,4,1,3,413,Recent Customers
SG-20470,184,8,1884.8,2,4,2,242,At Risk
SG-20605,109,6,3124.84,2,3,3,233,At Risk
SG-20890,227,3,47.95,1,1,1,111,Lost / Inactive
SH-19975,30,13,3406.86,4,4,3,443,Champions
SH-20395,24,10,2180.7,4,4,2,442,Loyal Customers
SH-20635,766,2,2096.39,1,1,2,112,Lost / Inactive
SJ-20125,96,12,3949.65,2,4,4,244,At Risk
SJ-20215,30,6,1341.04,4,3,2,432,Loyal Customers
SJ-20500,254,5,1318.77,1,2,2,122,Lost / Inactive
SK-19990,9,3,883.41,4,1,1,411,Recent Customers
SL-20155,71,7,3053.01,3,3,3,333,Champions
SM-20005,422,4,244.49,1,1,1,111,Lost / Inactive
SM-20320,80,5,25043.07,2,2,4,224,Lost / Inactive
SM-20905,607,1,1043.05,1,1,1,111,Lost / Inactive
SM-20950,26,12,5563.4,4,4,4,444,Champions
SN-20560,112,6,1860.42,2,3,2,232,At Risk
SN-20710,80,7,3127.97,2,3,3,233,At Risk
SO-20335,30,6,2602.58,4,3,3,433,Champions
SP-20545,328,6,1306.09,1,3,2,132,At Risk
SP-20620,48,9,5440.32,3,4,4,344,Champions
SP-20650,387,9,1872.43,1,4,2,142,At Risk
SP-20860,80,10,4282.92,2,4,4,244,At Risk
SP-20920,71,6,3990.67,3,3,4,334,Champions
SR-20425,9,5,3233.47,4,2,3,423,Loyal Customers
SR-20740,197,8,4345.88,1,4,4,144,At Risk
SS-20140,16,8,1324.03,4,4,2,442,Loyal Customers
SS-20410,111,6,3056.81,2,3,3,233,At Risk
SS-20515,492,3,613.4,1,1,1,111,Lost / Inactive
SS-20590,433,6,418.49,1,3,1,131,At Risk
SS-20875,121,5,964.63,2,2,1,221,Lost / Inactive
ST-20530,126,7,433.34,2,3,1,231,At Risk
SU-20665,21,7,2595.38,4,3,3,433,Champions
SV-20365,102,10,11470.94,2,4,4,244,At Risk
SV-20785,321,9,4105.31,1,4,4,144,At Risk
SV-20815,77,4,1271.09,2,1,2,212,Lost / Inactive
SV-20935,3,8,1903.49,4,4,2,442,Loyal Customers
SW-20245,82,7,1085.06,2,3,1,231,At Risk
SW-20275,31,6,1966.65,4,3,2,432,Loyal Customers
SW-20350,163,3,1019.04,2,1,1,211,Lost / Inactive
SW-20455,163,7,2921.54,2,3,3,233,At Risk
SW-20755,535,2,758.69,1,1,1,111,Lost / Inactive
SZ-20035,36,11,3625.34,3,4,3,343,Champions
TA-21385,70,4,14595.62,3,1,4,314,Recent Customers
TB-21055,120,5,1467.89,2,2,2,222,Lost / Inactive
TB-21175,59,4,3589.29,3,1,3,313,Recent Customers
TB-21190,50,4,816.17,3,1,1,311,Recent Customers
TB-21250,350,7,1602.37,1,3,2,132,At Risk
TB-21280,584,6,2198.46,1,3,2,132,At Risk
TB-21355,147,5,834.33,2,2,1,221,Lost / Inactive
TB-21400,203,7,9133.99,1,3,4,134,At Risk
TB-21520,108,9,4737.48,2,4,4,244,At Risk
TB-21595,286,5,1387.57,1,2,2,122,Lost / Inactive
TB-21625,31,9,2797.68,4,4,3,443,Champions
TC-20980,400,5,19052.22,1,2,4,124,Cant Lose Them
TC-21145,107,1,1038.26,2,1,1,211,Lost / Inactive
TC-21295,28,8,4266.81,4,4,4,444,Champions
TC-21475,154,9,1244.98,2,4,2,242,At Risk
TC-21535,5,7,742.55,4,3,1,431,Loyal Customers
TD-20995,38,9,1434.56,3,4,2,342,Loyal Customers
TG-21310,338,5,3058.38,1,2,3,123,Cant Lose Them
TG-21640,115,4,2074.66,2,1,2,212,Lost / Inactive
TH-21100,345,5,2422.83,1,2,3,123,Cant Lose Them
TH-21115,59,4,2942.78,3,1,3,313,Recent Customers
TH-21235,118,8,1022.21,2,4,1,241,At Risk
TH-21550,73,7,4234.1,3,3,4,334,Champions
TM-21010,104,8,2955.23,2,4,3,243,At Risk
TM-21490,131,3,1094.68,2,1,1,211,Lost / Inactive
TN-21040,91,7,3130.22,2,3,3,233,At Risk
TP-21130,9,9,4454.06,4,4,4,444,Champions
TP-21415,105,5,5328.98,2,2,4,224,Lost / Inactive
TP-21565,351,4,1936.62,1,1,2,112,Lost / Inactive
TR-21325,194,5,675.94,1,2,1,121,Lost / Inactive
TS-21085,358,2,4.83,1,1,1,111,Lost / Inactive
TS-21160,505,6,2163.63,1,3,2,132,At Risk
TS-21205,199,7,5371.11,1,3,4,134,At Risk
TS-21340,227,5,974.78,1,2,1,121,Lost / Inactive
TS-21370,37,6,11891.75,3,3,4,334,Champions
TS-21430,173,5,2054.14,2,2,2,222,Lost / Inactive
TS-21505,12,6,2243.28,4,3,2,432,Loyal Customers
TS-21610,56,7,2820.42,3,3,3,333,Champions
TS-21655,239,5,3368.08,1,2,3,123,Cant Lose Them
TT-21070,32,7,4915.59,3,3,4,334,Champions
TT-21220,184,8,1427.05,2,4,2,242,At Risk
TT-21265,407,3,439.5,1,1,1,111,Lost / Inactive
TT-21460,13,7,5364.8,4,3,4,434,Champions
TW-21025,65,7,5278.82,3,3,4,334,Champions
TZ-21580,36,4,1707.28,3,1,2,312,Recent Customers
VB-21745,55,6,2005.59,3,3,2,332,Loyal Customers
VD-21670,582,6,6442.26,1,3,4,134,At Risk
VF-21715,14,5,847.95,4,2,1,421,Loyal Customers
VG-21790,155,6,846.02,2,3,1,231,At Risk
VG-21805,287,5,427.37,1,2,1,121,Lost / Inactive
VM-21685,55,7,2454.87,3,3,3,333,Champions
VM-21835,118,5,380.69,2,2,1,221,Lost / Inactive
VP-21730,31,3,993.9,4,1,1,411,Recent Customers
VP-21760,76,7,3360.54,3,3,3,333,Champions
VS-21820,222,4,1055.99,1,1,1,111,Lost / Inactive
VT-21700,1001,2,1736.6,1,1,2,112,Lost / Inactive
VW-21775,29,10,6134.04,4,4,4,444,Champions
WB-21850,21,11,6160.1,4,4,4,444,Champions
XP-21865,44,11,2374.66,3,4,3,343,Champions
YC-21895,5,5,5454.35,4,2,4,424,Loyal Customers
YS-21880,10,8,6720.44,4,4,4,444,Champions
ZC-21910,55,13,8025.7,3,4,4,344,Champions
ZD-21925,203,5,1493.94,1,2,2,122,Lost / Inactive
